0.0120482,0.0120482,0.0120482,0.0120482,0.0120482,0.0120482,0.0120482,0.0120482,0.0120482,0.0120482,0.0120482,0.0120482,0.0120482,0.0120482,0.0120482,0.0120482,0.0120482,0.0120482,0.0120482,0.0120482,0.0120482,0.0120482,0.0120482,0.0120482,0.0120482,0.0120482,0.0120482,0.0120482,0.0120482,0.0120482,0.0120482,0.0120482,0.0120482,0.0120482,0.0120482,0.0120482,0.0120482,0.0120482,0.0120482,0.0120482,0.0120482,0.0120482,0.0120482,0.0120482,0.0120482,0.0120482,0.0120482,0.0120482,0.0120482,0.0120482,0.0120482,0.0120482,0.0120482,0.0120482,0.0120482,0.0120482,0.0120482,0.0120482,0.0120482,0.0120482,0.0120482,0.0120482,0.0120482,0.0120482,0.0120482,0.0120482,0.0120482,0.0120482,0.0120482,0.0120482,0.0120482,0.0120482,0.0120482,0.0120482,0.0120482,0.0120482,0.0120482,0.0120482,0.0120482,0.0120482,0.0120482,0.0120482,0.0120482,
0.0120482,0.0120482,0.0120482,0.0120482,0.0120482,0.0120482,0.0120482,0.0120482,0.0120482,0.0120482,0.0120482,0.0120482,0.0120482,0.0120482,0.0120482,0.0120482,0.0120482,0.0120482,0.0120482,0.0120482,0.0120482,0.0120482,0.0120482,0.0120482,0.0120482,0.0120482,0.0120482,0.0120482,0.0120482,0.0120482,0.0120482,0.0120482,0.0120482,0.0120482,0.0120482,0.0120482,0.0120482,0.0120482,0.0120482,0.0120482,0.0120482,0.0120482,0.0120482,0.0120482,0.0120482,0.0120482,0.0120482,0.0120482,0.0120482,0.0120482,0.0120482,0.0120482,0.0120482,0.0120482,0.0120482,0.0120482,0.0120482,0.0120482,0.0120482,0.0120482,0.0120482,0.0120482,0.0120482,0.0120482,0.0120482,0.0120482,0.0120482,0.0120482,0.0120482,0.0120482,0.0120482,0.0120482,0.0120482,0.0120482,0.0120482,0.0120482,0.0120482,0.0120482,0.0120482,0.0120482,0.0120482,0.0120482,0.0120482,
0.0120482,0.0120482,0.0120482,0.0120482,0.0120482,0.0120482,0.0120482,0.0120482,0.0120482,0.0120482,0.0120482,0.0120482,0.0120482,0.0120482,0.0120482,0.0120482,0.0120482,0.0120482,0.0120482,0.0120482,0.0120482,0.0120482,0.0120482,0.0120482,0.0120482,0.0120482,0.0120482,0.0120482,0.0120482,0.0120482,0.0120482,0.0120482,0.0120482,0.0120482,0.0120482,0.0120482,0.0120482,0.0120482,0.0120482,0.0120482,0.0120482,0.0120482,0.0120482,0.0120482,0.0120482,0.0120482,0.0120482,0.0120482,0.0120482,0.0120482,0.0120482,0.0120482,0.0120482,0.0120482,0.0120482,0.0120482,0.0120482,0.0120482,0.0120482,0.0120482,0.0120482,0.0120482,0.0120482,0.0120482,0.0120482,0.0120482,0.0120482,0.0120482,0.0120482,0.0120482,0.0120482,0.0120482,0.0120482,0.0120482,0.0120482,0.0120482,0.0120482,0.0120482,0.0120482,0.0120482,0.0120482,0.0120482,0.0120482,
0.0120482,0.0120482,0.0120482,0.0120482,0.0120482,0.0120482,0.0120482,0.0120482,0.0120482,0.0120482,0.0120482,0.0120482,0.0120482,0.0120482,0.0120482,0.0120482,0.0120482,0.0120482,0.0120482,0.0120482,0.0120482,0.0120482,0.0120482,0.0120482,0.0120482,0.0120482,0.0120482,0.0120482,0.0120482,0.0120482,0.0120482,0.0120482,0.0120482,0.0120482,0.0120482,0.0120482,0.0120482,0.0120482,0.0120482,0.0120482,0.0120482,0.0120482,0.0120482,0.0120482,0.0120482,0.0120482,0.0120482,0.0120482,0.0120482,0.0120482,0.0120482,0.0120482,0.0120482,0.0120482,0.0120482,0.0120482,0.0120482,0.0120482,0.0120482,0.0120482,0.0120482,0.0120482,0.0120482,0.0120482,0.0120482,0.0120482,0.0120482,0.0120482,0.0120482,0.0120482,0.0120482,0.0120482,0.0120482,0.0120482,0.0120482,0.0120482,0.0120482,0.0120482,0.0120482,0.0120482,0.0120482,0.0120482,0.0120482,
0.0120482,0.0120482,0.0120482,0.0120482,0.0120482,0.0120482,0.0120482,0.0120482,0.0120482,0.0120482,0.0120482,0.0120482,0.0120482,0.0120482,0.0120482,0.0120482,0.0120482,0.0120482,0.0120482,0.0120482,0.0120482,0.0120482,0.0120482,0.0120482,0.0120482,0.0120482,0.0120482,0.0120482,0.0120482,0.0120482,0.0120482,0.0120482,0.0120482,0.0120482,0.0120482,0.0120482,0.0120482,0.0120482,0.0120482,0.0120482,0.0120482,0.0120482,0.0120482,0.0120482,0.0120482,0.0120482,0.0120482,0.0120482,0.0120482,0.0120482,0.0120482,0.0120482,0.0120482,0.0120482,0.0120482,0.0120482,0.0120482,0.0120482,0.0120482,0.0120482,0.0120482,0.0120482,0.0120482,0.0120482,0.0120482,0.0120482,0.0120482,0.0120482,0.0120482,0.0120482,0.0120482,0.0120482,0.0120482,0.0120482,0.0120482,0.0120482,0.0120482,0.0120482,0.0120482,0.0120482,0.0120482,0.0120482,0.0120482,
0.0120482,0.0120482,0.0120482,0.0120482,0.0120482,0.0120482,0.0120482,0.0120482,0.0120482,0.0120482,0.0120482,0.0120482,0.0120482,0.0120482,0.0120482,0.0120482,0.0120482,0.0120482,0.0120482,0.0120482,0.0120482,0.0120482,0.0120482,0.0120482,0.0120482,0.0120482,0.0120482,0.0120482,0.0120482,0.0120482,0.0120482,0.0120482,0.0120482,0.0120482,0.0120482,0.0120482,0.0120482,0.0120482,0.0120482,0.0120482,0.0120482,0.0120482,0.0120482,0.0120482,0.0120482,0.0120482,0.0120482,0.0120482,0.0120482,0.0120482,0.0120482,0.0120482,0.0120482,0.0120482,0.0120482,0.0120482,0.0120482,0.0120482,0.0120482,0.0120482,0.0120482,0.0120482,0.0120482,0.0120482,0.0120482,0.0120482,0.0120482,0.0120482,0.0120482,0.0120482,0.0120482,0.0120482,0.0120482,0.0120482,0.0120482,0.0120482,0.0120482,0.0120482,0.0120482,0.0120482,0.0120482,0.0120482,0.0120482,
0.0120482,0.0120482,0.0120482,0.0120482,0.0120482,0.0120482,0.0120482,0.0120482,0.0120482,0.0120482,0.0120482,0.0120482,0.0120482,0.0120482,0.0120482,0.0120482,0.0120482,0.0120482,0.0120482,0.0120482,0.0120482,0.0120482,0.0120482,0.0120482,0.0120482,0.0120482,0.0120482,0.0120482,0.0120482,0.0120482,0.0120482,0.0120482,0.0120482,0.0120482,0.0120482,0.0120482,0.0120482,0.0120482,0.0120482,0.0120482,0.0120482,0.0120482,0.0120482,0.0120482,0.0120482,0.0120482,0.0120482,0.0120482,0.0120482,0.0120482,0.0120482,0.0120482,0.0120482,0.0120482,0.0120482,0.0120482,0.0120482,0.0120482,0.0120482,0.0120482,0.0120482,0.0120482,0.0120482,0.0120482,0.0120482,0.0120482,0.0120482,0.0120482,0.0120482,0.0120482,0.0120482,0.0120482,0.0120482,0.0120482,0.0120482,0.0120482,0.0120482,0.0120482,0.0120482,0.0120482,0.0120482,0.0120482,0.0120482,
0.0120482,0.0120482,0.0120482,0.0120482,0.0120482,0.0120482,0.0120482,0.0120482,0.0120482,0.0120482,0.0120482,0.0120482,0.0120482,0.0120482,0.0120482,0.0120482,0.0120482,0.0120482,0.0120482,0.0120482,0.0120482,0.0120482,0.0120482,0.0120482,0.0120482,0.0120482,0.0120482,0.0120482,0.0120482,0.0120482,0.0120482,0.0120482,0.0120482,0.0120482,0.0120482,0.0120482,0.0120482,0.0120482,0.0120482,0.0120482,0.0120482,0.0120482,0.0120482,0.0120482,0.0120482,0.0120482,0.0120482,0.0120482,0.0120482,0.0120482,0.0120482,0.0120482,0.0120482,0.0120482,0.0120482,0.0120482,0.0120482,0.0120482,0.0120482,0.0120482,0.0120482,0.0120482,0.0120482,0.0120482,0.0120482,0.0120482,0.0120482,0.0120482,0.0120482,0.0120482,0.0120482,0.0120482,0.0120482,0.0120482,0.0120482,0.0120482,0.0120482,0.0120482,0.0120482,0.0120482,0.0120482,0.0120482,0.0120482,
0.0120482,0.0120482,0.0120482,0.0120482,0.0120482,0.0120482,0.0120482,0.0120482,0.0120482,0.0120482,0.0120482,0.0120482,0.0120482,0.0120482,0.0120482,0.0120482,0.0120482,0.0120482,0.0120482,0.0120482,0.0120482,0.0120482,0.0120482,0.0120482,0.0120482,0.0120482,0.0120482,0.0120482,0.0120482,0.0120482,0.0120482,0.0120482,0.0120482,0.0120482,0.0120482,0.0120482,0.0120482,0.0120482,0.0120482,0.0120482,0.0120482,0.0120482,0.0120482,0.0120482,0.0120482,0.0120482,0.0120482,0.0120482,0.0120482,0.0120482,0.0120482,0.0120482,0.0120482,0.0120482,0.0120482,0.0120482,0.0120482,0.0120482,0.0120482,0.0120482,0.0120482,0.0120482,0.0120482,0.0120482,0.0120482,0.0120482,0.0120482,0.0120482,0.0120482,0.0120482,0.0120482,0.0120482,0.0120482,0.0120482,0.0120482,0.0120482,0.0120482,0.0120482,0.0120482,0.0120482,0.0120482,0.0120482,0.0120482,
0.0120482,0.0120482,0.0120482,0.0120482,0.0120482,0.0120482,0.0120482,0.0120482,0.0120482,0.0120482,0.0120482,0.0120482,0.0120482,0.0120482,0.0120482,0.0120482,0.0120482,0.0120482,0.0120482,0.0120482,0.0120482,0.0120482,0.0120482,0.0120482,0.0120482,0.0120482,0.0120482,0.0120482,0.0120482,0.0120482,0.0120482,0.0120482,0.0120482,0.0120482,0.0120482,0.0120482,0.0120482,0.0120482,0.0120482,0.0120482,0.0120482,0.0120482,0.0120482,0.0120482,0.0120482,0.0120482,0.0120482,0.0120482,0.0120482,0.0120482,0.0120482,0.0120482,0.0120482,0.0120482,0.0120482,0.0120482,0.0120482,0.0120482,0.0120482,0.0120482,0.0120482,0.0120482,0.0120482,0.0120482,0.0120482,0.0120482,0.0120482,0.0120482,0.0120482,0.0120482,0.0120482,0.0120482,0.0120482,0.0120482,0.0120482,0.0120482,0.0120482,0.0120482,0.0120482,0.0120482,0.0120482,0.0120482,0.0120482,
0.0120482,0.0120482,0.0120482,0.0120482,0.0120482,0.0120482,0.0120482,0.0120482,0.0120482,0.0120482,0.0120482,0.0120482,0.0120482,0.0120482,0.0120482,0.0120482,0.0120482,0.0120482,0.0120482,0.0120482,0.0120482,0.0120482,0.0120482,0.0120482,0.0120482,0.0120482,0.0120482,0.0120482,0.0120482,0.0120482,0.0120482,0.0120482,0.0120482,0.0120482,0.0120482,0.0120482,0.0120482,0.0120482,0.0120482,0.0120482,0.0120482,0.0120482,0.0120482,0.0120482,0.0120482,0.0120482,0.0120482,0.0120482,0.0120482,0.0120482,0.0120482,0.0120482,0.0120482,0.0120482,0.0120482,0.0120482,0.0120482,0.0120482,0.0120482,0.0120482,0.0120482,0.0120482,0.0120482,0.0120482,0.0120482,0.0120482,0.0120482,0.0120482,0.0120482,0.0120482,0.0120482,0.0120482,0.0120482,0.0120482,0.0120482,0.0120482,0.0120482,0.0120482,0.0120482,0.0120482,0.0120482,0.0120482,0.0120482,
0.0120482,0.0120482,0.0120482,0.0120482,0.0120482,0.0120482,0.0120482,0.0120482,0.0120482,0.0120482,0.0120482,0.0120482,0.0120482,0.0120482,0.0120482,0.0120482,0.0120482,0.0120482,0.0120482,0.0120482,0.0120482,0.0120482,0.0120482,0.0120482,0.0120482,0.0120482,0.0120482,0.0120482,0.0120482,0.0120482,0.0120482,0.0120482,0.0120482,0.0120482,0.0120482,0.0120482,0.0120482,0.0120482,0.0120482,0.0120482,0.0120482,0.0120482,0.0120482,0.0120482,0.0120482,0.0120482,0.0120482,0.0120482,0.0120482,0.0120482,0.0120482,0.0120482,0.0120482,0.0120482,0.0120482,0.0120482,0.0120482,0.0120482,0.0120482,0.0120482,0.0120482,0.0120482,0.0120482,0.0120482,0.0120482,0.0120482,0.0120482,0.0120482,0.0120482,0.0120482,0.0120482,0.0120482,0.0120482,0.0120482,0.0120482,0.0120482,0.0120482,0.0120482,0.0120482,0.0120482,0.0120482,0.0120482,0.0120482,
0.0120482,0.0120482,0.0120482,0.0120482,0.0120482,0.0120482,0.0120482,0.0120482,0.0120482,0.0120482,0.0120482,0.0120482,0.0120482,0.0120482,0.0120482,0.0120482,0.0120482,0.0120482,0.0120482,0.0120482,0.0120482,0.0120482,0.0120482,0.0120482,0.0120482,0.0120482,0.0120482,0.0120482,0.0120482,0.0120482,0.0120482,0.0120482,0.0120482,0.0120482,0.0120482,0.0120482,0.0120482,0.0120482,0.0120482,0.0120482,0.0120482,0.0120482,0.0120482,0.0120482,0.0120482,0.0120482,0.0120482,0.0120482,0.0120482,0.0120482,0.0120482,0.0120482,0.0120482,0.0120482,0.0120482,0.0120482,0.0120482,0.0120482,0.0120482,0.0120482,0.0120482,0.0120482,0.0120482,0.0120482,0.0120482,0.0120482,0.0120482,0.0120482,0.0120482,0.0120482,0.0120482,0.0120482,0.0120482,0.0120482,0.0120482,0.0120482,0.0120482,0.0120482,0.0120482,0.0120482,0.0120482,0.0120482,0.0120482,
0.0120482,0.0120482,0.0120482,0.0120482,0.0120482,0.0120482,0.0120482,0.0120482,0.0120482,0.0120482,0.0120482,0.0120482,0.0120482,0.0120482,0.0120482,0.0120482,0.0120482,0.0120482,0.0120482,0.0120482,0.0120482,0.0120482,0.0120482,0.0120482,0.0120482,0.0120482,0.0120482,0.0120482,0.0120482,0.0120482,0.0120482,0.0120482,0.0120482,0.0120482,0.0120482,0.0120482,0.0120482,0.0120482,0.0120482,0.0120482,0.0120482,0.0120482,0.0120482,0.0120482,0.0120482,0.0120482,0.0120482,0.0120482,0.0120482,0.0120482,0.0120482,0.0120482,0.0120482,0.0120482,0.0120482,0.0120482,0.0120482,0.0120482,0.0120482,0.0120482,0.0120482,0.0120482,0.0120482,0.0120482,0.0120482,0.0120482,0.0120482,0.0120482,0.0120482,0.0120482,0.0120482,0.0120482,0.0120482,0.0120482,0.0120482,0.0120482,0.0120482,0.0120482,0.0120482,0.0120482,0.0120482,0.0120482,0.0120482,
0.0120482,0.0120482,0.0120482,0.0120482,0.0120482,0.0120482,0.0120482,0.0120482,0.0120482,0.0120482,0.0120482,0.0120482,0.0120482,0.0120482,0.0120482,0.0120482,0.0120482,0.0120482,0.0120482,0.0120482,0.0120482,0.0120482,0.0120482,0.0120482,0.0120482,0.0120482,0.0120482,0.0120482,0.0120482,0.0120482,0.0120482,0.0120482,0.0120482,0.0120482,0.0120482,0.0120482,0.0120482,0.0120482,0.0120482,0.0120482,0.0120482,0.0120482,0.0120482,0.0120482,0.0120482,0.0120482,0.0120482,0.0120482,0.0120482,0.0120482,0.0120482,0.0120482,0.0120482,0.0120482,0.0120482,0.0120482,0.0120482,0.0120482,0.0120482,0.0120482,0.0120482,0.0120482,0.0120482,0.0120482,0.0120482,0.0120482,0.0120482,0.0120482,0.0120482,0.0120482,0.0120482,0.0120482,0.0120482,0.0120482,0.0120482,0.0120482,0.0120482,0.0120482,0.0120482,0.0120482,0.0120482,0.0120482,0.0120482,
0.0120482,0.0120482,0.0120482,0.0120482,0.0120482,0.0120482,0.0120482,0.0120482,0.0120482,0.0120482,0.0120482,0.0120482,0.0120482,0.0120482,0.0120482,0.0120482,0.0120482,0.0120482,0.0120482,0.0120482,0.0120482,0.0120482,0.0120482,0.0120482,0.0120482,0.0120482,0.0120482,0.0120482,0.0120482,0.0120482,0.0120482,0.0120482,0.0120482,0.0120482,0.0120482,0.0120482,0.0120482,0.0120482,0.0120482,0.0120482,0.0120482,0.0120482,0.0120482,0.0120482,0.0120482,0.0120482,0.0120482,0.0120482,0.0120482,0.0120482,0.0120482,0.0120482,0.0120482,0.0120482,0.0120482,0.0120482,0.0120482,0.0120482,0.0120482,0.0120482,0.0120482,0.0120482,0.0120482,0.0120482,0.0120482,0.0120482,0.0120482,0.0120482,0.0120482,0.0120482,0.0120482,0.0120482,0.0120482,0.0120482,0.0120482,0.0120482,0.0120482,0.0120482,0.0120482,0.0120482,0.0120482,0.0120482,0.0120482,
0.0120482,0.0120482,0.0120482,0.0120482,0.0120482,0.0120482,0.0120482,0.0120482,0.0120482,0.0120482,0.0120482,0.0120482,0.0120482,0.0120482,0.0120482,0.0120482,0.0120482,0.0120482,0.0120482,0.0120482,0.0120482,0.0120482,0.0120482,0.0120482,0.0120482,0.0120482,0.0120482,0.0120482,0.0120482,0.0120482,0.0120482,0.0120482,0.0120482,0.0120482,0.0120482,0.0120482,0.0120482,0.0120482,0.0120482,0.0120482,0.0120482,0.0120482,0.0120482,0.0120482,0.0120482,0.0120482,0.0120482,0.0120482,0.0120482,0.0120482,0.0120482,0.0120482,0.0120482,0.0120482,0.0120482,0.0120482,0.0120482,0.0120482,0.0120482,0.0120482,0.0120482,0.0120482,0.0120482,0.0120482,0.0120482,0.0120482,0.0120482,0.0120482,0.0120482,0.0120482,0.0120482,0.0120482,0.0120482,0.0120482,0.0120482,0.0120482,0.0120482,0.0120482,0.0120482,0.0120482,0.0120482,0.0120482,0.0120482,
0.0120482,0.0120482,0.0120482,0.0120482,0.0120482,0.0120482,0.0120482,0.0120482,0.0120482,0.0120482,0.0120482,0.0120482,0.0120482,0.0120482,0.0120482,0.0120482,0.0120482,0.0120482,0.0120482,0.0120482,0.0120482,0.0120482,0.0120482,0.0120482,0.0120482,0.0120482,0.0120482,0.0120482,0.0120482,0.0120482,0.0120482,0.0120482,0.0120482,0.0120482,0.0120482,0.0120482,0.0120482,0.0120482,0.0120482,0.0120482,0.0120482,0.0120482,0.0120482,0.0120482,0.0120482,0.0120482,0.0120482,0.0120482,0.0120482,0.0120482,0.0120482,0.0120482,0.0120482,0.0120482,0.0120482,0.0120482,0.0120482,0.0120482,0.0120482,0.0120482,0.0120482,0.0120482,0.0120482,0.0120482,0.0120482,0.0120482,0.0120482,0.0120482,0.0120482,0.0120482,0.0120482,0.0120482,0.0120482,0.0120482,0.0120482,0.0120482,0.0120482,0.0120482,0.0120482,0.0120482,0.0120482,0.0120482,0.0120482,
0.0120482,0.0120482,0.0120482,0.0120482,0.0120482,0.0120482,0.0120482,0.0120482,0.0120482,0.0120482,0.0120482,0.0120482,0.0120482,0.0120482,0.0120482,0.0120482,0.0120482,0.0120482,0.0120482,0.0120482,0.0120482,0.0120482,0.0120482,0.0120482,0.0120482,0.0120482,0.0120482,0.0120482,0.0120482,0.0120482,0.0120482,0.0120482,0.0120482,0.0120482,0.0120482,0.0120482,0.0120482,0.0120482,0.0120482,0.0120482,0.0120482,0.0120482,0.0120482,0.0120482,0.0120482,0.0120482,0.0120482,0.0120482,0.0120482,0.0120482,0.0120482,0.0120482,0.0120482,0.0120482,0.0120482,0.0120482,0.0120482,0.0120482,0.0120482,0.0120482,0.0120482,0.0120482,0.0120482,0.0120482,0.0120482,0.0120482,0.0120482,0.0120482,0.0120482,0.0120482,0.0120482,0.0120482,0.0120482,0.0120482,0.0120482,0.0120482,0.0120482,0.0120482,0.0120482,0.0120482,0.0120482,0.0120482,0.0120482,
0.0120482,0.0120482,0.0120482,0.0120482,0.0120482,0.0120482,0.0120482,0.0120482,0.0120482,0.0120482,0.0120482,0.0120482,0.0120482,0.0120482,0.0120482,0.0120482,0.0120482,0.0120482,0.0120482,0.0120482,0.0120482,0.0120482,0.0120482,0.0120482,0.0120482,0.0120482,0.0120482,0.0120482,0.0120482,0.0120482,0.0120482,0.0120482,0.0120482,0.0120482,0.0120482,0.0120482,0.0120482,0.0120482,0.0120482,0.0120482,0.0120482,0.0120482,0.0120482,0.0120482,0.0120482,0.0120482,0.0120482,0.0120482,0.0120482,0.0120482,0.0120482,0.0120482,0.0120482,0.0120482,0.0120482,0.0120482,0.0120482,0.0120482,0.0120482,0.0120482,0.0120482,0.0120482,0.0120482,0.0120482,0.0120482,0.0120482,0.0120482,0.0120482,0.0120482,0.0120482,0.0120482,0.0120482,0.0120482,0.0120482,0.0120482,0.0120482,0.0120482,0.0120482,0.0120482,0.0120482,0.0120482,0.0120482,0.0120482,
0.0120482,0.0120482,0.0120482,0.0120482,0.0120482,0.0120482,0.0120482,0.0120482,0.0120482,0.0120482,0.0120482,0.0120482,0.0120482,0.0120482,0.0120482,0.0120482,0.0120482,0.0120482,0.0120482,0.0120482,0.0120482,0.0120482,0.0120482,0.0120482,0.0120482,0.0120482,0.0120482,0.0120482,0.0120482,0.0120482,0.0120482,0.0120482,0.0120482,0.0120482,0.0120482,0.0120482,0.0120482,0.0120482,0.0120482,0.0120482,0.0120482,0.0120482,0.0120482,0.0120482,0.0120482,0.0120482,0.0120482,0.0120482,0.0120482,0.0120482,0.0120482,0.0120482,0.0120482,0.0120482,0.0120482,0.0120482,0.0120482,0.0120482,0.0120482,0.0120482,0.0120482,0.0120482,0.0120482,0.0120482,0.0120482,0.0120482,0.0120482,0.0120482,0.0120482,0.0120482,0.0120482,0.0120482,0.0120482,0.0120482,0.0120482,0.0120482,0.0120482,0.0120482,0.0120482,0.0120482,0.0120482,0.0120482,0.0120482,
0.0120482,0.0120482,0.0120482,0.0120482,0.0120482,0.0120482,0.0120482,0.0120482,0.0120482,0.0120482,0.0120482,0.0120482,0.0120482,0.0120482,0.0120482,0.0120482,0.0120482,0.0120482,0.0120482,0.0120482,0.0120482,0.0120482,0.0120482,0.0120482,0.0120482,0.0120482,0.0120482,0.0120482,0.0120482,0.0120482,0.0120482,0.0120482,0.0120482,0.0120482,0.0120482,0.0120482,0.0120482,0.0120482,0.0120482,0.0120482,0.0120482,0.0120482,0.0120482,0.0120482,0.0120482,0.0120482,0.0120482,0.0120482,0.0120482,0.0120482,0.0120482,0.0120482,0.0120482,0.0120482,0.0120482,0.0120482,0.0120482,0.0120482,0.0120482,0.0120482,0.0120482,0.0120482,0.0120482,0.0120482,0.0120482,0.0120482,0.0120482,0.0120482,0.0120482,0.0120482,0.0120482,0.0120482,0.0120482,0.0120482,0.0120482,0.0120482,0.0120482,0.0120482,0.0120482,0.0120482,0.0120482,0.0120482,0.0120482,
0.0120482,0.0120482,0.0120482,0.0120482,0.0120482,0.0120482,0.0120482,0.0120482,0.0120482,0.0120482,0.0120482,0.0120482,0.0120482,0.0120482,0.0120482,0.0120482,0.0120482,0.0120482,0.0120482,0.0120482,0.0120482,0.0120482,0.0120482,0.0120482,0.0120482,0.0120482,0.0120482,0.0120482,0.0120482,0.0120482,0.0120482,0.0120482,0.0120482,0.0120482,0.0120482,0.0120482,0.0120482,0.0120482,0.0120482,0.0120482,0.0120482,0.0120482,0.0120482,0.0120482,0.0120482,0.0120482,0.0120482,0.0120482,0.0120482,0.0120482,0.0120482,0.0120482,0.0120482,0.0120482,0.0120482,0.0120482,0.0120482,0.0120482,0.0120482,0.0120482,0.0120482,0.0120482,0.0120482,0.0120482,0.0120482,0.0120482,0.0120482,0.0120482,0.0120482,0.0120482,0.0120482,0.0120482,0.0120482,0.0120482,0.0120482,0.0120482,0.0120482,0.0120482,0.0120482,0.0120482,0.0120482,0.0120482,0.0120482,
0.0120482,0.0120482,0.0120482,0.0120482,0.0120482,0.0120482,0.0120482,0.0120482,0.0120482,0.0120482,0.0120482,0.0120482,0.0120482,0.0120482,0.0120482,0.0120482,0.0120482,0.0120482,0.0120482,0.0120482,0.0120482,0.0120482,0.0120482,0.0120482,0.0120482,0.0120482,0.0120482,0.0120482,0.0120482,0.0120482,0.0120482,0.0120482,0.0120482,0.0120482,0.0120482,0.0120482,0.0120482,0.0120482,0.0120482,0.0120482,0.0120482,0.0120482,0.0120482,0.0120482,0.0120482,0.0120482,0.0120482,0.0120482,0.0120482,0.0120482,0.0120482,0.0120482,0.0120482,0.0120482,0.0120482,0.0120482,0.0120482,0.0120482,0.0120482,0.0120482,0.0120482,0.0120482,0.0120482,0.0120482,0.0120482,0.0120482,0.0120482,0.0120482,0.0120482,0.0120482,0.0120482,0.0120482,0.0120482,0.0120482,0.0120482,0.0120482,0.0120482,0.0120482,0.0120482,0.0120482,0.0120482,0.0120482,0.0120482,
0.0120482,0.0120482,0.0120482,0.0120482,0.0120482,0.0120482,0.0120482,0.0120482,0.0120482,0.0120482,0.0120482,0.0120482,0.0120482,0.0120482,0.0120482,0.0120482,0.0120482,0.0120482,0.0120482,0.0120482,0.0120482,0.0120482,0.0120482,0.0120482,0.0120482,0.0120482,0.0120482,0.0120482,0.0120482,0.0120482,0.0120482,0.0120482,0.0120482,0.0120482,0.0120482,0.0120482,0.0120482,0.0120482,0.0120482,0.0120482,0.0120482,0.0120482,0.0120482,0.0120482,0.0120482,0.0120482,0.0120482,0.0120482,0.0120482,0.0120482,0.0120482,0.0120482,0.0120482,0.0120482,0.0120482,0.0120482,0.0120482,0.0120482,0.0120482,0.0120482,0.0120482,0.0120482,0.0120482,0.0120482,0.0120482,0.0120482,0.0120482,0.0120482,0.0120482,0.0120482,0.0120482,0.0120482,0.0120482,0.0120482,0.0120482,0.0120482,0.0120482,0.0120482,0.0120482,0.0120482,0.0120482,0.0120482,0.0120482,
0.0120482,0.0120482,0.0120482,0.0120482,0.0120482,0.0120482,0.0120482,0.0120482,0.0120482,0.0120482,0.0120482,0.0120482,0.0120482,0.0120482,0.0120482,0.0120482,0.0120482,0.0120482,0.0120482,0.0120482,0.0120482,0.0120482,0.0120482,0.0120482,0.0120482,0.0120482,0.0120482,0.0120482,0.0120482,0.0120482,0.0120482,0.0120482,0.0120482,0.0120482,0.0120482,0.0120482,0.0120482,0.0120482,0.0120482,0.0120482,0.0120482,0.0120482,0.0120482,0.0120482,0.0120482,0.0120482,0.0120482,0.0120482,0.0120482,0.0120482,0.0120482,0.0120482,0.0120482,0.0120482,0.0120482,0.0120482,0.0120482,0.0120482,0.0120482,0.0120482,0.0120482,0.0120482,0.0120482,0.0120482,0.0120482,0.0120482,0.0120482,0.0120482,0.0120482,0.0120482,0.0120482,0.0120482,0.0120482,0.0120482,0.0120482,0.0120482,0.0120482,0.0120482,0.0120482,0.0120482,0.0120482,0.0120482,0.0120482,
0.0120482,0.0120482,0.0120482,0.0120482,0.0120482,0.0120482,0.0120482,0.0120482,0.0120482,0.0120482,0.0120482,0.0120482,0.0120482,0.0120482,0.0120482,0.0120482,0.0120482,0.0120482,0.0120482,0.0120482,0.0120482,0.0120482,0.0120482,0.0120482,0.0120482,0.0120482,0.0120482,0.0120482,0.0120482,0.0120482,0.0120482,0.0120482,0.0120482,0.0120482,0.0120482,0.0120482,0.0120482,0.0120482,0.0120482,0.0120482,0.0120482,0.0120482,0.0120482,0.0120482,0.0120482,0.0120482,0.0120482,0.0120482,0.0120482,0.0120482,0.0120482,0.0120482,0.0120482,0.0120482,0.0120482,0.0120482,0.0120482,0.0120482,0.0120482,0.0120482,0.0120482,0.0120482,0.0120482,0.0120482,0.0120482,0.0120482,0.0120482,0.0120482,0.0120482,0.0120482,0.0120482,0.0120482,0.0120482,0.0120482,0.0120482,0.0120482,0.0120482,0.0120482,0.0120482,0.0120482,0.0120482,0.0120482,0.0120482,
0.0120482,0.0120482,0.0120482,0.0120482,0.0120482,0.0120482,0.0120482,0.0120482,0.0120482,0.0120482,0.0120482,0.0120482,0.0120482,0.0120482,0.0120482,0.0120482,0.0120482,0.0120482,0.0120482,0.0120482,0.0120482,0.0120482,0.0120482,0.0120482,0.0120482,0.0120482,0.0120482,0.0120482,0.0120482,0.0120482,0.0120482,0.0120482,0.0120482,0.0120482,0.0120482,0.0120482,0.0120482,0.0120482,0.0120482,0.0120482,0.0120482,0.0120482,0.0120482,0.0120482,0.0120482,0.0120482,0.0120482,0.0120482,0.0120482,0.0120482,0.0120482,0.0120482,0.0120482,0.0120482,0.0120482,0.0120482,0.0120482,0.0120482,0.0120482,0.0120482,0.0120482,0.0120482,0.0120482,0.0120482,0.0120482,0.0120482,0.0120482,0.0120482,0.0120482,0.0120482,0.0120482,0.0120482,0.0120482,0.0120482,0.0120482,0.0120482,0.0120482,0.0120482,0.0120482,0.0120482,0.0120482,0.0120482,0.0120482,
0.0120482,0.0120482,0.0120482,0.0120482,0.0120482,0.0120482,0.0120482,0.0120482,0.0120482,0.0120482,0.0120482,0.0120482,0.0120482,0.0120482,0.0120482,0.0120482,0.0120482,0.0120482,0.0120482,0.0120482,0.0120482,0.0120482,0.0120482,0.0120482,0.0120482,0.0120482,0.0120482,0.0120482,0.0120482,0.0120482,0.0120482,0.0120482,0.0120482,0.0120482,0.0120482,0.0120482,0.0120482,0.0120482,0.0120482,0.0120482,0.0120482,0.0120482,0.0120482,0.0120482,0.0120482,0.0120482,0.0120482,0.0120482,0.0120482,0.0120482,0.0120482,0.0120482,0.0120482,0.0120482,0.0120482,0.0120482,0.0120482,0.0120482,0.0120482,0.0120482,0.0120482,0.0120482,0.0120482,0.0120482,0.0120482,0.0120482,0.0120482,0.0120482,0.0120482,0.0120482,0.0120482,0.0120482,0.0120482,0.0120482,0.0120482,0.0120482,0.0120482,0.0120482,0.0120482,0.0120482,0.0120482,0.0120482,0.0120482,
0.0120482,0.0120482,0.0120482,0.0120482,0.0120482,0.0120482,0.0120482,0.0120482,0.0120482,0.0120482,0.0120482,0.0120482,0.0120482,0.0120482,0.0120482,0.0120482,0.0120482,0.0120482,0.0120482,0.0120482,0.0120482,0.0120482,0.0120482,0.0120482,0.0120482,0.0120482,0.0120482,0.0120482,0.0120482,0.0120482,0.0120482,0.0120482,0.0120482,0.0120482,0.0120482,0.0120482,0.0120482,0.0120482,0.0120482,0.0120482,0.0120482,0.0120482,0.0120482,0.0120482,0.0120482,0.0120482,0.0120482,0.0120482,0.0120482,0.0120482,0.0120482,0.0120482,0.0120482,0.0120482,0.0120482,0.0120482,0.0120482,0.0120482,0.0120482,0.0120482,0.0120482,0.0120482,0.0120482,0.0120482,0.0120482,0.0120482,0.0120482,0.0120482,0.0120482,0.0120482,0.0120482,0.0120482,0.0120482,0.0120482,0.0120482,0.0120482,0.0120482,0.0120482,0.0120482,0.0120482,0.0120482,0.0120482,0.0120482,
0.0120482,0.0120482,0.0120482,0.0120482,0.0120482,0.0120482,0.0120482,0.0120482,0.0120482,0.0120482,0.0120482,0.0120482,0.0120482,0.0120482,0.0120482,0.0120482,0.0120482,0.0120482,0.0120482,0.0120482,0.0120482,0.0120482,0.0120482,0.0120482,0.0120482,0.0120482,0.0120482,0.0120482,0.0120482,0.0120482,0.0120482,0.0120482,0.0120482,0.0120482,0.0120482,0.0120482,0.0120482,0.0120482,0.0120482,0.0120482,0.0120482,0.0120482,0.0120482,0.0120482,0.0120482,0.0120482,0.0120482,0.0120482,0.0120482,0.0120482,0.0120482,0.0120482,0.0120482,0.0120482,0.0120482,0.0120482,0.0120482,0.0120482,0.0120482,0.0120482,0.0120482,0.0120482,0.0120482,0.0120482,0.0120482,0.0120482,0.0120482,0.0120482,0.0120482,0.0120482,0.0120482,0.0120482,0.0120482,0.0120482,0.0120482,0.0120482,0.0120482,0.0120482,0.0120482,0.0120482,0.0120482,0.0120482,0.0120482,
0.0120482,0.0120482,0.0120482,0.0120482,0.0120482,0.0120482,0.0120482,0.0120482,0.0120482,0.0120482,0.0120482,0.0120482,0.0120482,0.0120482,0.0120482,0.0120482,0.0120482,0.0120482,0.0120482,0.0120482,0.0120482,0.0120482,0.0120482,0.0120482,0.0120482,0.0120482,0.0120482,0.0120482,0.0120482,0.0120482,0.0120482,0.0120482,0.0120482,0.0120482,0.0120482,0.0120482,0.0120482,0.0120482,0.0120482,0.0120482,0.0120482,0.0120482,0.0120482,0.0120482,0.0120482,0.0120482,0.0120482,0.0120482,0.0120482,0.0120482,0.0120482,0.0120482,0.0120482,0.0120482,0.0120482,0.0120482,0.0120482,0.0120482,0.0120482,0.0120482,0.0120482,0.0120482,0.0120482,0.0120482,0.0120482,0.0120482,0.0120482,0.0120482,0.0120482,0.0120482,0.0120482,0.0120482,0.0120482,0.0120482,0.0120482,0.0120482,0.0120482,0.0120482,0.0120482,0.0120482,0.0120482,0.0120482,0.0120482,
0.0120482,0.0120482,0.0120482,0.0120482,0.0120482,0.0120482,0.0120482,0.0120482,0.0120482,0.0120482,0.0120482,0.0120482,0.0120482,0.0120482,0.0120482,0.0120482,0.0120482,0.0120482,0.0120482,0.0120482,0.0120482,0.0120482,0.0120482,0.0120482,0.0120482,0.0120482,0.0120482,0.0120482,0.0120482,0.0120482,0.0120482,0.0120482,0.0120482,0.0120482,0.0120482,0.0120482,0.0120482,0.0120482,0.0120482,0.0120482,0.0120482,0.0120482,0.0120482,0.0120482,0.0120482,0.0120482,0.0120482,0.0120482,0.0120482,0.0120482,0.0120482,0.0120482,0.0120482,0.0120482,0.0120482,0.0120482,0.0120482,0.0120482,0.0120482,0.0120482,0.0120482,0.0120482,0.0120482,0.0120482,0.0120482,0.0120482,0.0120482,0.0120482,0.0120482,0.0120482,0.0120482,0.0120482,0.0120482,0.0120482,0.0120482,0.0120482,0.0120482,0.0120482,0.0120482,0.0120482,0.0120482,0.0120482,0.0120482,
0.0120482,0.0120482,0.0120482,0.0120482,0.0120482,0.0120482,0.0120482,0.0120482,0.0120482,0.0120482,0.0120482,0.0120482,0.0120482,0.0120482,0.0120482,0.0120482,0.0120482,0.0120482,0.0120482,0.0120482,0.0120482,0.0120482,0.0120482,0.0120482,0.0120482,0.0120482,0.0120482,0.0120482,0.0120482,0.0120482,0.0120482,0.0120482,0.0120482,0.0120482,0.0120482,0.0120482,0.0120482,0.0120482,0.0120482,0.0120482,0.0120482,0.0120482,0.0120482,0.0120482,0.0120482,0.0120482,0.0120482,0.0120482,0.0120482,0.0120482,0.0120482,0.0120482,0.0120482,0.0120482,0.0120482,0.0120482,0.0120482,0.0120482,0.0120482,0.0120482,0.0120482,0.0120482,0.0120482,0.0120482,0.0120482,0.0120482,0.0120482,0.0120482,0.0120482,0.0120482,0.0120482,0.0120482,0.0120482,0.0120482,0.0120482,0.0120482,0.0120482,0.0120482,0.0120482,0.0120482,0.0120482,0.0120482,0.0120482,
0.0120482,0.0120482,0.0120482,0.0120482,0.0120482,0.0120482,0.0120482,0.0120482,0.0120482,0.0120482,0.0120482,0.0120482,0.0120482,0.0120482,0.0120482,0.0120482,0.0120482,0.0120482,0.0120482,0.0120482,0.0120482,0.0120482,0.0120482,0.0120482,0.0120482,0.0120482,0.0120482,0.0120482,0.0120482,0.0120482,0.0120482,0.0120482,0.0120482,0.0120482,0.0120482,0.0120482,0.0120482,0.0120482,0.0120482,0.0120482,0.0120482,0.0120482,0.0120482,0.0120482,0.0120482,0.0120482,0.0120482,0.0120482,0.0120482,0.0120482,0.0120482,0.0120482,0.0120482,0.0120482,0.0120482,0.0120482,0.0120482,0.0120482,0.0120482,0.0120482,0.0120482,0.0120482,0.0120482,0.0120482,0.0120482,0.0120482,0.0120482,0.0120482,0.0120482,0.0120482,0.0120482,0.0120482,0.0120482,0.0120482,0.0120482,0.0120482,0.0120482,0.0120482,0.0120482,0.0120482,0.0120482,0.0120482,0.0120482,
0.0120482,0.0120482,0.0120482,0.0120482,0.0120482,0.0120482,0.0120482,0.0120482,0.0120482,0.0120482,0.0120482,0.0120482,0.0120482,0.0120482,0.0120482,0.0120482,0.0120482,0.0120482,0.0120482,0.0120482,0.0120482,0.0120482,0.0120482,0.0120482,0.0120482,0.0120482,0.0120482,0.0120482,0.0120482,0.0120482,0.0120482,0.0120482,0.0120482,0.0120482,0.0120482,0.0120482,0.0120482,0.0120482,0.0120482,0.0120482,0.0120482,0.0120482,0.0120482,0.0120482,0.0120482,0.0120482,0.0120482,0.0120482,0.0120482,0.0120482,0.0120482,0.0120482,0.0120482,0.0120482,0.0120482,0.0120482,0.0120482,0.0120482,0.0120482,0.0120482,0.0120482,0.0120482,0.0120482,0.0120482,0.0120482,0.0120482,0.0120482,0.0120482,0.0120482,0.0120482,0.0120482,0.0120482,0.0120482,0.0120482,0.0120482,0.0120482,0.0120482,0.0120482,0.0120482,0.0120482,0.0120482,0.0120482,0.0120482,
0.0120482,0.0120482,0.0120482,0.0120482,0.0120482,0.0120482,0.0120482,0.0120482,0.0120482,0.0120482,0.0120482,0.0120482,0.0120482,0.0120482,0.0120482,0.0120482,0.0120482,0.0120482,0.0120482,0.0120482,0.0120482,0.0120482,0.0120482,0.0120482,0.0120482,0.0120482,0.0120482,0.0120482,0.0120482,0.0120482,0.0120482,0.0120482,0.0120482,0.0120482,0.0120482,0.0120482,0.0120482,0.0120482,0.0120482,0.0120482,0.0120482,0.0120482,0.0120482,0.0120482,0.0120482,0.0120482,0.0120482,0.0120482,0.0120482,0.0120482,0.0120482,0.0120482,0.0120482,0.0120482,0.0120482,0.0120482,0.0120482,0.0120482,0.0120482,0.0120482,0.0120482,0.0120482,0.0120482,0.0120482,0.0120482,0.0120482,0.0120482,0.0120482,0.0120482,0.0120482,0.0120482,0.0120482,0.0120482,0.0120482,0.0120482,0.0120482,0.0120482,0.0120482,0.0120482,0.0120482,0.0120482,0.0120482,0.0120482,
0.0120482,0.0120482,0.0120482,0.0120482,0.0120482,0.0120482,0.0120482,0.0120482,0.0120482,0.0120482,0.0120482,0.0120482,0.0120482,0.0120482,0.0120482,0.0120482,0.0120482,0.0120482,0.0120482,0.0120482,0.0120482,0.0120482,0.0120482,0.0120482,0.0120482,0.0120482,0.0120482,0.0120482,0.0120482,0.0120482,0.0120482,0.0120482,0.0120482,0.0120482,0.0120482,0.0120482,0.0120482,0.0120482,0.0120482,0.0120482,0.0120482,0.0120482,0.0120482,0.0120482,0.0120482,0.0120482,0.0120482,0.0120482,0.0120482,0.0120482,0.0120482,0.0120482,0.0120482,0.0120482,0.0120482,0.0120482,0.0120482,0.0120482,0.0120482,0.0120482,0.0120482,0.0120482,0.0120482,0.0120482,0.0120482,0.0120482,0.0120482,0.0120482,0.0120482,0.0120482,0.0120482,0.0120482,0.0120482,0.0120482,0.0120482,0.0120482,0.0120482,0.0120482,0.0120482,0.0120482,0.0120482,0.0120482,0.0120482,
0.0120482,0.0120482,0.0120482,0.0120482,0.0120482,0.0120482,0.0120482,0.0120482,0.0120482,0.0120482,0.0120482,0.0120482,0.0120482,0.0120482,0.0120482,0.0120482,0.0120482,0.0120482,0.0120482,0.0120482,0.0120482,0.0120482,0.0120482,0.0120482,0.0120482,0.0120482,0.0120482,0.0120482,0.0120482,0.0120482,0.0120482,0.0120482,0.0120482,0.0120482,0.0120482,0.0120482,0.0120482,0.0120482,0.0120482,0.0120482,0.0120482,0.0120482,0.0120482,0.0120482,0.0120482,0.0120482,0.0120482,0.0120482,0.0120482,0.0120482,0.0120482,0.0120482,0.0120482,0.0120482,0.0120482,0.0120482,0.0120482,0.0120482,0.0120482,0.0120482,0.0120482,0.0120482,0.0120482,0.0120482,0.0120482,0.0120482,0.0120482,0.0120482,0.0120482,0.0120482,0.0120482,0.0120482,0.0120482,0.0120482,0.0120482,0.0120482,0.0120482,0.0120482,0.0120482,0.0120482,0.0120482,0.0120482,0.0120482,
0.0120482,0.0120482,0.0120482,0.0120482,0.0120482,0.0120482,0.0120482,0.0120482,0.0120482,0.0120482,0.0120482,0.0120482,0.0120482,0.0120482,0.0120482,0.0120482,0.0120482,0.0120482,0.0120482,0.0120482,0.0120482,0.0120482,0.0120482,0.0120482,0.0120482,0.0120482,0.0120482,0.0120482,0.0120482,0.0120482,0.0120482,0.0120482,0.0120482,0.0120482,0.0120482,0.0120482,0.0120482,0.0120482,0.0120482,0.0120482,0.0120482,0.0120482,0.0120482,0.0120482,0.0120482,0.0120482,0.0120482,0.0120482,0.0120482,0.0120482,0.0120482,0.0120482,0.0120482,0.0120482,0.0120482,0.0120482,0.0120482,0.0120482,0.0120482,0.0120482,0.0120482,0.0120482,0.0120482,0.0120482,0.0120482,0.0120482,0.0120482,0.0120482,0.0120482,0.0120482,0.0120482,0.0120482,0.0120482,0.0120482,0.0120482,0.0120482,0.0120482,0.0120482,0.0120482,0.0120482,0.0120482,0.0120482,0.0120482,
0.0120482,0.0120482,0.0120482,0.0120482,0.0120482,0.0120482,0.0120482,0.0120482,0.0120482,0.0120482,0.0120482,0.0120482,0.0120482,0.0120482,0.0120482,0.0120482,0.0120482,0.0120482,0.0120482,0.0120482,0.0120482,0.0120482,0.0120482,0.0120482,0.0120482,0.0120482,0.0120482,0.0120482,0.0120482,0.0120482,0.0120482,0.0120482,0.0120482,0.0120482,0.0120482,0.0120482,0.0120482,0.0120482,0.0120482,0.0120482,0.0120482,0.0120482,0.0120482,0.0120482,0.0120482,0.0120482,0.0120482,0.0120482,0.0120482,0.0120482,0.0120482,0.0120482,0.0120482,0.0120482,0.0120482,0.0120482,0.0120482,0.0120482,0.0120482,0.0120482,0.0120482,0.0120482,0.0120482,0.0120482,0.0120482,0.0120482,0.0120482,0.0120482,0.0120482,0.0120482,0.0120482,0.0120482,0.0120482,0.0120482,0.0120482,0.0120482,0.0120482,0.0120482,0.0120482,0.0120482,0.0120482,0.0120482,0.0120482,
0.0120482,0.0120482,0.0120482,0.0120482,0.0120482,0.0120482,0.0120482,0.0120482,0.0120482,0.0120482,0.0120482,0.0120482,0.0120482,0.0120482,0.0120482,0.0120482,0.0120482,0.0120482,0.0120482,0.0120482,0.0120482,0.0120482,0.0120482,0.0120482,0.0120482,0.0120482,0.0120482,0.0120482,0.0120482,0.0120482,0.0120482,0.0120482,0.0120482,0.0120482,0.0120482,0.0120482,0.0120482,0.0120482,0.0120482,0.0120482,0.0120482,0.0120482,0.0120482,0.0120482,0.0120482,0.0120482,0.0120482,0.0120482,0.0120482,0.0120482,0.0120482,0.0120482,0.0120482,0.0120482,0.0120482,0.0120482,0.0120482,0.0120482,0.0120482,0.0120482,0.0120482,0.0120482,0.0120482,0.0120482,0.0120482,0.0120482,0.0120482,0.0120482,0.0120482,0.0120482,0.0120482,0.0120482,0.0120482,0.0120482,0.0120482,0.0120482,0.0120482,0.0120482,0.0120482,0.0120482,0.0120482,0.0120482,0.0120482,
0.0120482,0.0120482,0.0120482,0.0120482,0.0120482,0.0120482,0.0120482,0.0120482,0.0120482,0.0120482,0.0120482,0.0120482,0.0120482,0.0120482,0.0120482,0.0120482,0.0120482,0.0120482,0.0120482,0.0120482,0.0120482,0.0120482,0.0120482,0.0120482,0.0120482,0.0120482,0.0120482,0.0120482,0.0120482,0.0120482,0.0120482,0.0120482,0.0120482,0.0120482,0.0120482,0.0120482,0.0120482,0.0120482,0.0120482,0.0120482,0.0120482,0.0120482,0.0120482,0.0120482,0.0120482,0.0120482,0.0120482,0.0120482,0.0120482,0.0120482,0.0120482,0.0120482,0.0120482,0.0120482,0.0120482,0.0120482,0.0120482,0.0120482,0.0120482,0.0120482,0.0120482,0.0120482,0.0120482,0.0120482,0.0120482,0.0120482,0.0120482,0.0120482,0.0120482,0.0120482,0.0120482,0.0120482,0.0120482,0.0120482,0.0120482,0.0120482,0.0120482,0.0120482,0.0120482,0.0120482,0.0120482,0.0120482,0.0120482,
0.0120482,0.0120482,0.0120482,0.0120482,0.0120482,0.0120482,0.0120482,0.0120482,0.0120482,0.0120482,0.0120482,0.0120482,0.0120482,0.0120482,0.0120482,0.0120482,0.0120482,0.0120482,0.0120482,0.0120482,0.0120482,0.0120482,0.0120482,0.0120482,0.0120482,0.0120482,0.0120482,0.0120482,0.0120482,0.0120482,0.0120482,0.0120482,0.0120482,0.0120482,0.0120482,0.0120482,0.0120482,0.0120482,0.0120482,0.0120482,0.0120482,0.0120482,0.0120482,0.0120482,0.0120482,0.0120482,0.0120482,0.0120482,0.0120482,0.0120482,0.0120482,0.0120482,0.0120482,0.0120482,0.0120482,0.0120482,0.0120482,0.0120482,0.0120482,0.0120482,0.0120482,0.0120482,0.0120482,0.0120482,0.0120482,0.0120482,0.0120482,0.0120482,0.0120482,0.0120482,0.0120482,0.0120482,0.0120482,0.0120482,0.0120482,0.0120482,0.0120482,0.0120482,0.0120482,0.0120482,0.0120482,0.0120482,0.0120482,
0.0120482,0.0120482,0.0120482,0.0120482,0.0120482,0.0120482,0.0120482,0.0120482,0.0120482,0.0120482,0.0120482,0.0120482,0.0120482,0.0120482,0.0120482,0.0120482,0.0120482,0.0120482,0.0120482,0.0120482,0.0120482,0.0120482,0.0120482,0.0120482,0.0120482,0.0120482,0.0120482,0.0120482,0.0120482,0.0120482,0.0120482,0.0120482,0.0120482,0.0120482,0.0120482,0.0120482,0.0120482,0.0120482,0.0120482,0.0120482,0.0120482,0.0120482,0.0120482,0.0120482,0.0120482,0.0120482,0.0120482,0.0120482,0.0120482,0.0120482,0.0120482,0.0120482,0.0120482,0.0120482,0.0120482,0.0120482,0.0120482,0.0120482,0.0120482,0.0120482,0.0120482,0.0120482,0.0120482,0.0120482,0.0120482,0.0120482,0.0120482,0.0120482,0.0120482,0.0120482,0.0120482,0.0120482,0.0120482,0.0120482,0.0120482,0.0120482,0.0120482,0.0120482,0.0120482,0.0120482,0.0120482,0.0120482,0.0120482,
0.0120482,0.0120482,0.0120482,0.0120482,0.0120482,0.0120482,0.0120482,0.0120482,0.0120482,0.0120482,0.0120482,0.0120482,0.0120482,0.0120482,0.0120482,0.0120482,0.0120482,0.0120482,0.0120482,0.0120482,0.0120482,0.0120482,0.0120482,0.0120482,0.0120482,0.0120482,0.0120482,0.0120482,0.0120482,0.0120482,0.0120482,0.0120482,0.0120482,0.0120482,0.0120482,0.0120482,0.0120482,0.0120482,0.0120482,0.0120482,0.0120482,0.0120482,0.0120482,0.0120482,0.0120482,0.0120482,0.0120482,0.0120482,0.0120482,0.0120482,0.0120482,0.0120482,0.0120482,0.0120482,0.0120482,0.0120482,0.0120482,0.0120482,0.0120482,0.0120482,0.0120482,0.0120482,0.0120482,0.0120482,0.0120482,0.0120482,0.0120482,0.0120482,0.0120482,0.0120482,0.0120482,0.0120482,0.0120482,0.0120482,0.0120482,0.0120482,0.0120482,0.0120482,0.0120482,0.0120482,0.0120482,0.0120482,0.0120482,
0.0120482,0.0120482,0.0120482,0.0120482,0.0120482,0.0120482,0.0120482,0.0120482,0.0120482,0.0120482,0.0120482,0.0120482,0.0120482,0.0120482,0.0120482,0.0120482,0.0120482,0.0120482,0.0120482,0.0120482,0.0120482,0.0120482,0.0120482,0.0120482,0.0120482,0.0120482,0.0120482,0.0120482,0.0120482,0.0120482,0.0120482,0.0120482,0.0120482,0.0120482,0.0120482,0.0120482,0.0120482,0.0120482,0.0120482,0.0120482,0.0120482,0.0120482,0.0120482,0.0120482,0.0120482,0.0120482,0.0120482,0.0120482,0.0120482,0.0120482,0.0120482,0.0120482,0.0120482,0.0120482,0.0120482,0.0120482,0.0120482,0.0120482,0.0120482,0.0120482,0.0120482,0.0120482,0.0120482,0.0120482,0.0120482,0.0120482,0.0120482,0.0120482,0.0120482,0.0120482,0.0120482,0.0120482,0.0120482,0.0120482,0.0120482,0.0120482,0.0120482,0.0120482,0.0120482,0.0120482,0.0120482,0.0120482,0.0120482,
0.0120482,0.0120482,0.0120482,0.0120482,0.0120482,0.0120482,0.0120482,0.0120482,0.0120482,0.0120482,0.0120482,0.0120482,0.0120482,0.0120482,0.0120482,0.0120482,0.0120482,0.0120482,0.0120482,0.0120482,0.0120482,0.0120482,0.0120482,0.0120482,0.0120482,0.0120482,0.0120482,0.0120482,0.0120482,0.0120482,0.0120482,0.0120482,0.0120482,0.0120482,0.0120482,0.0120482,0.0120482,0.0120482,0.0120482,0.0120482,0.0120482,0.0120482,0.0120482,0.0120482,0.0120482,0.0120482,0.0120482,0.0120482,0.0120482,0.0120482,0.0120482,0.0120482,0.0120482,0.0120482,0.0120482,0.0120482,0.0120482,0.0120482,0.0120482,0.0120482,0.0120482,0.0120482,0.0120482,0.0120482,0.0120482,0.0120482,0.0120482,0.0120482,0.0120482,0.0120482,0.0120482,0.0120482,0.0120482,0.0120482,0.0120482,0.0120482,0.0120482,0.0120482,0.0120482,0.0120482,0.0120482,0.0120482,0.0120482,
0.0120482,0.0120482,0.0120482,0.0120482,0.0120482,0.0120482,0.0120482,0.0120482,0.0120482,0.0120482,0.0120482,0.0120482,0.0120482,0.0120482,0.0120482,0.0120482,0.0120482,0.0120482,0.0120482,0.0120482,0.0120482,0.0120482,0.0120482,0.0120482,0.0120482,0.0120482,0.0120482,0.0120482,0.0120482,0.0120482,0.0120482,0.0120482,0.0120482,0.0120482,0.0120482,0.0120482,0.0120482,0.0120482,0.0120482,0.0120482,0.0120482,0.0120482,0.0120482,0.0120482,0.0120482,0.0120482,0.0120482,0.0120482,0.0120482,0.0120482,0.0120482,0.0120482,0.0120482,0.0120482,0.0120482,0.0120482,0.0120482,0.0120482,0.0120482,0.0120482,0.0120482,0.0120482,0.0120482,0.0120482,0.0120482,0.0120482,0.0120482,0.0120482,0.0120482,0.0120482,0.0120482,0.0120482,0.0120482,0.0120482,0.0120482,0.0120482,0.0120482,0.0120482,0.0120482,0.0120482,0.0120482,0.0120482,0.0120482,
0.0120482,0.0120482,0.0120482,0.0120482,0.0120482,0.0120482,0.0120482,0.0120482,0.0120482,0.0120482,0.0120482,0.0120482,0.0120482,0.0120482,0.0120482,0.0120482,0.0120482,0.0120482,0.0120482,0.0120482,0.0120482,0.0120482,0.0120482,0.0120482,0.0120482,0.0120482,0.0120482,0.0120482,0.0120482,0.0120482,0.0120482,0.0120482,0.0120482,0.0120482,0.0120482,0.0120482,0.0120482,0.0120482,0.0120482,0.0120482,0.0120482,0.0120482,0.0120482,0.0120482,0.0120482,0.0120482,0.0120482,0.0120482,0.0120482,0.0120482,0.0120482,0.0120482,0.0120482,0.0120482,0.0120482,0.0120482,0.0120482,0.0120482,0.0120482,0.0120482,0.0120482,0.0120482,0.0120482,0.0120482,0.0120482,0.0120482,0.0120482,0.0120482,0.0120482,0.0120482,0.0120482,0.0120482,0.0120482,0.0120482,0.0120482,0.0120482,0.0120482,0.0120482,0.0120482,0.0120482,0.0120482,0.0120482,0.0120482,
